City,Cloudiness,Country,Date,Humidity,Lat,Lng,Max Temp,Wind Speed
longyearbyen,75,SJ,1587022396,64,78.22,15.64,37.4,13.87
vaini,75,TO,1587022441,83,-21.2,-175.2,77.0,4.7
kapaa,90,US,1587022665,83,22.08,-159.32,75.2,14.99
ushuaia,63,AR,1587022624,75,-54.8,-68.3,46.4,3.36
thompson,20,CA,1587022611,77,55.74,-97.86,6.8,6.93
avarua,94,CK,1587022667,78,-21.21,-159.78,75.2,3.36
torbay,90,CA,1587022667,100,47.67,-52.73,35.01,13.87
los llanos de aridane,40,ES,1587022681,72,28.66,-17.92,66.2,6.93
lebu,44,CL,1587022667,90,-37.62,-73.65,54.27,7.7
gonen,40,TR,1587023233,70,40.1,27.65,50.0,18.34
victoria,20,HK,1587022545,54,22.29,114.16,80.6,11.41
saint-francois,15,FR,1587023233,62,46.42,3.91,62.01,2.24
albany,90,US,1587022516,80,42.6,-73.97,35.01,4.7
cayenne,66,GF,1587023234,100,4.93,-52.33,73.4,7.11
belomorsk,100,RU,1587023234,96,64.52,34.77,32.67,17.6
rikitea,100,PF,1587022667,79,-23.12,-134.97,78.39,16.96
gazojak,0,TM,1587023234,21,41.19,61.4,70.84,12.59
lavrentiya,99,RU,1587022696,97,65.58,-171.0,24.48,8.37
okhotsk,62,RU,1587022686,96,59.38,143.3,27.88,2.86
esperance,75,AU,1587022679,52,-33.87,121.9,68.0,12.75
hong gai,97,VN,1587023234,94,20.96,107.09,73.4,9.17
makakilo city,90,US,1587023114,78,21.35,-158.09,78.8,4.7
punta arenas,40,CL,1587022664,87,-53.15,-70.92,46.4,8.05
puerto ayora,76,EC,1587022671,85,-0.74,-90.35,80.01,5.01
barrow,90,US,1587022670,85,71.29,-156.79,23.0,8.05
port alfred,92,ZA,1587022608,77,-33.59,26.89,66.0,3.0
tarko-sale,100,RU,1587023235,98,64.92,77.78,30.92,9.1
busselton,0,AU,1587022531,33,-33.65,115.33,70.0,14.16
nikolskoye,90,RU,1587022680,93,59.7,30.79,37.99,8.95
bandarbeyla,65,SO,1587022674,59,9.49,50.81,86.63,8.43
katherine,82,AU,1587022684,26,-14.47,132.27,96.8,12.75
orlik,62,RU,1587022710,37,52.52,99.83,43.47,2.51
sambava,49,MG,1587023236,61,-14.27,50.17,85.3,10.96
hobart,20,AU,1587022371,44,-42.88,147.33,57.2,18.34
atuona,64,PF,1587022607,74,-9.8,-139.03,82.38,11.07
hasaki,75,JP,1587022713,62,35.73,140.83,53.6,13.87
kruisfontein,85,ZA,1587022700,37,-34.0,24.73,69.01,9.82
provideniya,90,RU,1587022671,92,64.38,-173.3,30.2,13.42
kutum,0,SD,1587022686,7,14.2,24.67,82.47,12.33
butaritari,58,KI,1587022665,81,3.07,172.79,82.85,16.8
qaanaaq,4,GL,1587022609,80,77.48,-69.36,6.64,8.9
topeka,75,US,1587023127,64,39.05,-95.68,43.0,5.82
sucua,69,EC,1587023237,53,-2.47,-78.17,68.25,2.53
souillac,75,MU,1587022685,65,-20.52,57.52,82.4,11.41
mbini,75,GQ,1587023237,100,1.57,9.61,78.8,2.24
mataura,100,NZ,1587022666,84,-46.19,168.86,50.0,11.99
airai,100,TL,1587022429,75,-8.93,125.41,64.71,2.93
hermanus,4,ZA,1587022602,78,-34.42,19.23,64.99,1.99
katsuura,75,JP,1587022677,71,35.13,140.3,61.0,18.34
huaihua,83,CN,1587023238,63,27.55,109.96,76.89,6.71
dimapur,75,IN,1587023238,61,25.9,93.73,80.6,3.36
bluff,100,NZ,1587022671,84,-46.6,168.33,50.0,11.99
sao filipe,100,CV,1587022619,76,14.9,-24.5,71.51,15.35
conceicao do araguaia,100,BR,1587023238,100,-8.26,-49.26,73.4,2.24
new norfolk,20,AU,1587022662,44,-42.78,147.06,57.2,18.34
hilo,90,US,1587022430,73,19.73,-155.09,73.4,3.36
tres arroyos,16,AR,1587022721,69,-38.37,-60.28,46.63,5.73
jamestown,20,US,1587022667,92,42.1,-79.24,28.0,6.93
chicama,1,PE,1587023239,69,-7.84,-79.15,72.91,6.71
nevsehir,75,TR,1587023239,71,38.92,34.67,53.6,9.17
abnub,0,EG,1587023239,11,27.27,31.15,89.22,10.51
hithadhoo,50,MV,1587022436,69,-0.6,73.08,84.4,3.65
russkaya polyana,79,UA,1587023239,60,49.42,31.92,52.48,20.92
khotynets,100,RU,1587023240,73,53.13,35.4,41.4,19.71
marevo,100,RU,1587023240,92,57.31,32.08,36.21,10.16
soyo,75,AO,1587022706,94,-6.13,12.37,78.8,1.97
iqaluit,90,CA,1587022687,62,63.75,-68.51,19.4,13.87
talakan,0,RU,1587023240,33,50.32,130.37,56.26,4.47
warwick,1,US,1587023017,69,41.7,-71.42,39.99,3.36
oum hadjer,0,TD,1587023241,7,13.3,19.7,95.56,14.05
mwanza,20,TZ,1587023241,69,-2.52,32.9,75.2,18.34
khovu-aksy,98,RU,1587023241,55,51.13,93.6,42.31,5.61
antakya,40,TR,1587023241,63,36.21,36.16,62.6,2.24
sitka,90,US,1587022665,93,57.05,-135.33,44.6,2.75
qaqortoq,90,GL,1587023241,86,60.72,-46.03,33.8,2.24
kaitangata,100,NZ,1587022615,65,-46.28,169.85,50.0,8.01
arraial do cabo,100,BR,1587022675,84,-22.97,-42.03,74.75,7.27
dikson,32,RU,1587022607,91,73.51,80.55,13.33,8.08
thinadhoo,22,MV,1587022646,66,0.53,72.93,85.33,2.66
buala,99,SB,1587022723,80,-8.14,159.59,81.14,1.83
naryshkino,100,RU,1587023242,74,52.97,35.73,42.03,21.83
nijar,56,ES,1587023242,82,36.97,-2.21,64.0,5.82
tuktoyaktuk,100,CA,1587022436,98,69.45,-133.04,25.47,7.83
buraydah,0,SA,1587023242,33,26.33,43.98,73.4,10.29
sivaki,0,RU,1587023242,33,52.63,126.75,54.97,5.06
sao joao da barra,100,BR,1587023206,91,-21.64,-41.05,73.04,8.97
san patricio,43,MX,1587022709,59,19.22,-104.7,70.41,4.14
tulun,100,RU,1587023243,59,54.56,100.58,49.62,13.0
pineville,1,US,1587023146,81,31.32,-92.43,44.6,5.7
olinda,75,BR,1587023243,88,-8.01,-34.86,78.8,4.7
anloga,20,GH,1587023243,79,5.79,0.9,84.2,9.17
severo-kurilsk,100,RU,1587022619,95,50.68,156.12,30.4,14.94
luderitz,64,NA,1587022725,72,-26.65,15.16,59.0,11.41
yellowknife,40,CA,1587022667,92,62.46,-114.35,19.0,8.05
tocopilla,70,CL,1587023243,51,-22.09,-70.2,66.76,3.4
duldurga,90,RU,1587023244,26,50.68,113.59,57.27,5.73
san quintin,0,MX,1587022634,72,30.48,-115.95,60.6,6.58
taoudenni,0,ML,1587023244,29,22.68,-3.98,88.61,3.76
kibre mengist,95,ET,1587023244,43,5.88,38.98,74.64,3.33
bara,0,NG,1587023244,9,10.37,10.73,96.31,12.33
coruripe,69,BR,1587023244,81,-10.13,-36.18,79.25,3.76
blagoyevo,100,RU,1587023244,92,63.37,47.92,36.07,10.6
selikhino,0,RU,1587023244,46,50.37,137.5,50.05,2.62
santa rosa del sur,33,CO,1587023245,80,7.96,-74.05,68.63,2.08
ahuimanu,75,US,1587023245,65,21.44,-157.84,78.8,11.41
camana,11,PE,1587023245,78,-16.62,-72.71,70.07,7.81
tarauaca,100,BR,1587023245,91,-8.16,-70.77,71.06,4.63
norman wells,75,CA,1587022691,84,65.28,-126.83,32.0,2.24
fare,31,PF,1587023245,66,-16.7,-151.02,83.73,5.37
zhuji,56,CN,1587023246,30,29.72,120.24,87.01,6.71
havelock,1,US,1587023246,81,34.88,-76.9,46.0,7.05
saint-augustin,38,CA,1587022732,92,51.23,-58.65,21.9,3.04
ribeira grande,20,PT,1587022665,71,38.52,-28.7,55.4,6.93
strezhevoy,90,RU,1587023246,86,60.73,77.59,39.2,4.47
bria,0,CF,1587023246,13,6.54,21.99,92.61,6.93
mandalgovi,0,MN,1587023246,23,45.76,106.27,51.01,6.2
vanimo,40,PG,1587022613,76,-2.67,141.3,82.42,3.96
lorengau,90,PG,1587022701,68,-2.02,147.27,83.35,3.29
niamey,39,NE,1587022698,11,13.51,2.11,89.6,4.7
usinsk,34,RU,1587023247,81,65.99,57.53,39.7,17.72
bengkulu,92,ID,1587022667,68,-3.8,102.27,85.39,5.21
harihar,33,IN,1587023247,17,14.52,75.8,97.61,4.65
sur,100,OM,1587023247,34,22.57,59.53,90.1,9.46
tura,75,IN,1587022682,25,25.52,90.22,93.99,7.16
mayo,40,US,1587022687,52,38.89,-76.51,46.99,3.36
kiruna,0,SE,1587023247,63,67.86,20.23,28.4,3.36
georgetown,20,MY,1587022613,56,5.41,100.34,93.2,5.82
mar del plata,72,AR,1587022666,93,-38.0,-57.56,51.01,5.97
bull savanna,2,JM,1587023120,81,17.89,-77.59,72.39,4.09
ornskoldsvik,1,SE,1587023181,74,63.29,18.72,39.2,16.11
salalah,75,OM,1587022683,66,17.02,54.09,86.0,10.29
biak,47,ID,1587022725,70,-0.91,122.88,83.37,5.21
camacha,20,PT,1587022675,77,33.08,-16.33,60.8,14.99
puerto maldonado,92,PE,1587023248,86,-12.6,-69.18,65.75,2.06
port hedland,81,AU,1587023248,59,-20.32,118.57,93.2,17.22
evensk,0,RU,1587023248,90,61.95,159.23,14.81,5.17
areosa,75,PT,1587023248,76,41.72,-8.86,60.01,14.99
nanortalik,85,GL,1587022628,97,60.14,-45.24,31.1,4.23
lenger,48,KZ,1587023249,59,42.18,69.88,60.8,2.24
paamiut,100,GL,1587022740,95,61.99,-49.67,30.78,23.06
tiarei,90,PF,1587023249,69,-17.53,-149.33,82.4,3.36
awbari,99,LY,1587023249,17,26.59,12.78,85.59,17.47
dingle,28,PH,1587022665,56,11.0,122.67,88.56,11.25
emerald,0,AU,1587022704,35,-23.53,148.17,86.0,3.36
pisco,24,PE,1587022672,77,-13.7,-76.22,69.8,3.36
bethel,75,US,1587022680,44,41.37,-73.41,48.2,4.7
ketchikan,1,US,1587022707,100,55.34,-131.65,46.4,6.93
saint george,1,US,1587022450,32,37.1,-113.58,55.4,3.85
muroto,20,JP,1587022743,52,33.28,134.15,64.4,5.82
general roca,100,AR,1587022711,82,-39.03,-67.58,55.4,7.18
carutapera,100,BR,1587023250,89,-1.2,-46.02,75.87,4.81
oranjemund,0,NA,1587023250,48,-28.55,16.43,67.14,6.76
esmeraldas,75,BR,1587023250,93,-19.76,-44.31,66.2,3.36
vila velha,100,BR,1587022673,83,-20.33,-40.29,77.0,4.18
karratha,9,AU,1587022723,48,-20.74,116.85,90.27,14.79
graneros,100,CL,1587023251,27,-34.07,-70.73,60.44,0.76
westport,90,US,1587022692,52,41.14,-73.36,48.2,13.87
constitucion,12,CL,1587022676,64,-35.33,-72.42,52.57,2.01
castro,0,BR,1587022674,53,-24.79,-50.01,42.84,2.26
east london,46,ZA,1587022683,68,-33.02,27.91,68.0,8.05
eureka,90,US,1587022632,87,40.8,-124.16,51.01,3.89
college,90,US,1587022671,86,64.86,-147.8,42.01,6.93
novomykolayivka,65,UA,1587023251,53,47.98,35.91,50.0,15.66
mayumba,100,GA,1587023251,89,-3.43,10.66,79.27,6.04
tasiilaq,100,GL,1587022693,92,65.61,-37.64,30.2,19.46
kodiak,90,US,1587022671,87,57.79,-152.41,44.6,1.54
palmer,90,US,1587022731,69,42.16,-72.33,41.0,7.11
quatre cocos,75,MU,1587022714,65,-20.21,57.76,82.4,11.41
geraldton,100,AU,1587022715,47,-28.77,114.6,77.0,18.34
ambilobe,97,MG,1587022739,50,-13.2,49.05,88.99,11.74
kearney,90,US,1587022702,93,40.7,-99.08,39.2,11.41
chokurdakh,100,RU,1587022663,93,70.63,147.92,1.09,8.14
muros,40,ES,1587022741,87,42.78,-9.06,60.01,4.7
srednekolymsk,100,RU,1587023253,94,67.45,153.68,4.98,11.54
bredasdorp,1,ZA,1587022666,59,-34.53,20.04,64.99,9.17
longyan,0,CN,1587023253,41,25.11,117.02,78.91,4.56
tiznit,69,MA,1587023253,35,29.58,-9.5,67.5,2.28
mahebourg,75,MU,1587022625,65,-20.41,57.7,82.4,11.41
sao miguel do araguaia,100,BR,1587023253,91,-13.28,-50.16,69.15,3.33
union city,90,US,1587023253,82,37.6,-122.02,57.2,10.29
laguna,1,US,1587022697,71,38.42,-121.42,62.01,2.86
orda,100,RU,1587023254,65,57.2,56.91,42.67,12.24
pirawa,1,IN,1587023254,9,24.16,76.03,106.39,13.22
port blair,82,IN,1587022633,70,11.67,92.75,84.29,3.44
luganville,100,VU,1587023254,82,-15.53,167.17,77.72,3.09
norrtalje,40,SE,1587023254,42,59.76,18.7,46.99,24.16
bud,1,US,1587022678,79,39.45,-86.18,30.2,4.45
carnarvon,75,AU,1587022669,51,-24.87,113.63,84.2,18.34
nushki,100,PK,1587023254,21,29.55,66.02,78.84,11.12
cape town,75,ZA,1587022677,82,-33.93,18.42,66.0,6.93
turukhansk,99,RU,1587022738,86,65.82,87.98,36.63,12.44
oistins,40,BB,1587022707,74,13.07,-59.53,78.8,14.99
big spring,1,US,1587023255,71,32.25,-101.48,54.0,14.99
faya,40,SA,1587022670,56,18.39,42.45,69.8,6.93
erzin,40,TR,1587023255,63,36.96,36.2,69.8,2.24
lompoc,90,US,1587022670,87,34.64,-120.46,57.2,3.36
chuy,91,UY,1587022695,82,-33.7,-53.46,63.81,15.55
bratsk,68,RU,1587022704,21,56.13,101.61,59.0,11.18
batouri,49,CM,1587023256,48,4.43,14.37,89.38,2.1
alice springs,100,AU,1587022540,9,-23.7,133.88,96.8,12.75
raymondville,1,US,1587023256,93,26.48,-97.78,68.0,6.58
banda aceh,92,ID,1587022704,69,5.56,95.32,85.57,5.01
bambous virieux,75,MU,1587023130,65,-20.34,57.76,82.4,11.41
ponta do sol,40,PT,1587022435,67,32.67,-17.1,59.0,4.7
kalengwa,38,ZM,1587023257,50,-13.47,25.0,77.41,7.02
lanxi,0,CN,1587023257,49,29.22,119.48,80.62,1.59
saint-joseph,0,RE,1587022705,61,-21.37,55.62,84.2,25.28
chimbote,3,PE,1587023257,82,-9.09,-78.58,70.07,6.71
umm kaddadah,0,SD,1587023257,7,13.6,26.69,89.15,18.79
tailai,100,CN,1587023257,63,46.38,123.4,53.01,1.01
morehead,40,US,1587023258,89,37.27,-87.18,37.99,4.68
comodoro rivadavia,90,AR,1587022644,63,-45.87,-67.5,66.2,9.17
asau,0,RO,1587022685,37,46.43,26.4,57.99,6.93
north platte,90,US,1587023258,74,41.12,-100.77,37.4,13.87
severo-yeniseyskiy,94,RU,1587023258,71,60.37,93.04,37.62,8.41
mestia,99,GE,1587023258,45,43.05,42.73,40.96,5.68
haines junction,100,CA,1587022682,66,60.75,-137.51,39.99,7.09
baringo,0,KE,1587023259,29,0.47,35.97,87.42,3.91
patharia,3,IN,1587023259,7,23.9,79.2,108.5,15.68
samarai,71,PG,1587023259,82,-10.62,150.67,81.05,7.76
brae,20,GB,1587023259,75,60.4,-1.35,44.6,5.82
rawson,86,AR,1587022676,49,-43.3,-65.1,63.9,12.21
dongli,60,CN,1587023259,37,23.57,116.82,86.0,6.71
sampit,100,ID,1587023260,87,-2.53,112.95,82.47,1.48
kahului,1,US,1587022622,69,20.89,-156.47,73.4,8.05
laibin,100,CN,1587023260,73,23.7,109.27,75.97,10.36
sept-iles,5,CA,1587022609,45,50.2,-66.38,23.0,9.17
zuwarah,98,LY,1587023016,81,32.93,12.08,66.36,8.43
kalmunai,64,LK,1587022673,63,7.42,81.82,87.08,9.31
ngorongoro,89,TZ,1587023212,50,-3.24,35.49,63.34,7.96
kabalo,69,CD,1587023260,57,-6.05,26.92,84.85,4.0
bocas del toro,89,PA,1587023097,81,9.33,-82.25,76.93,0.89
saskylakh,79,RU,1587022668,91,71.92,114.08,0.73,3.89
havoysund,19,NO,1587022689,64,71.0,24.66,37.4,6.93
koindu,38,GN,1587023261,65,8.44,-10.33,80.71,2.68
alofi,100,NU,1587022683,88,-19.06,-169.92,75.2,2.24
ilulissat,100,GL,1587022485,86,69.22,-51.1,28.4,5.79
serta,40,PT,1587023261,82,39.81,-8.1,57.2,13.87
ngunguru,5,NZ,1587023262,89,-35.62,174.5,60.01,1.99
fernie,20,CA,1587023262,84,49.5,-115.07,32.0,4.7
bairiki,40,KI,1587023262,88,1.33,172.98,82.4,8.05
cidreira,0,BR,1587022665,72,-30.18,-50.21,60.08,19.42
achacachi,19,BO,1587023262,24,-16.05,-68.68,36.54,0.13
pella,90,RU,1587023262,93,59.78,30.82,39.0,8.95
arlit,100,NE,1587022702,8,18.74,7.39,94.87,2.26
nago,1,JP,1587023262,46,26.59,127.98,73.4,12.75
betafo,0,MG,1587023263,32,-19.83,46.85,74.59,8.63
upernavik,89,GL,1587022663,85,72.79,-56.15,19.42,7.61
quzhou,0,CN,1587023263,51,28.96,118.87,79.99,2.57
tuatapere,100,NZ,1587022727,84,-46.13,167.68,50.0,11.99
husavik,92,IS,1587023263,64,66.04,-17.34,35.6,20.8
siimusti,83,EE,1587023263,87,58.73,26.34,44.01,24.16
bongouanou,33,CI,1587023263,75,6.65,-4.2,81.27,3.15
smoky lake,22,CA,1587023263,91,54.12,-112.47,23.0,4.18
amapa,60,BR,1587022739,91,1.0,-52.0,71.22,1.12
hamilton,1,US,1587022724,80,39.18,-84.53,30.2,4.16
misratah,96,LY,1587023008,79,32.38,15.09,63.39,9.28
outjo,0,NA,1587023264,35,-20.12,16.15,71.6,1.12
crib point,27,AU,1587023264,73,-38.35,145.2,63.0,18.43
machiques,98,VE,1587023264,63,10.06,-72.55,75.31,2.57
avera,1,US,1587022743,70,33.19,-82.53,53.6,3.36
talnakh,6,RU,1587022698,61,69.49,88.4,14.0,15.66
sergeyevka,100,KZ,1587023264,33,53.88,67.42,59.83,19.19
conceicao da barra,69,BR,1587022678,88,-18.59,-39.73,76.14,2.46
wagar,0,SD,1587023265,9,16.15,36.2,93.97,10.42
kipini,100,KE,1587023265,75,-2.53,40.53,85.5,14.83
essenbach,85,DE,1587023265,49,48.62,12.22,55.99,4.7
leningradskiy,100,RU,1587023265,96,69.38,178.42,16.32,7.74
hay river,20,CA,1587023265,74,60.82,-115.8,28.4,9.17
brighton,90,GB,1587023265,81,50.83,-0.14,54.0,3.36
agirish,99,RU,1587023266,66,61.92,63.02,46.58,15.97
araguacu,100,BR,1587023266,91,-12.93,-49.83,69.73,3.02
arras,91,FR,1587023266,61,50.29,2.78,57.99,9.17
ancud,90,CL,1587022708,100,-41.87,-73.82,53.6,12.75
zhangye,4,CN,1587022708,13,38.93,100.45,67.89,14.72
doctor mora,5,MX,1587023266,67,21.14,-100.31,60.8,5.82
visby,0,SE,1587023266,65,57.64,18.3,51.01,16.11
hamada,20,JP,1587023267,72,34.88,132.08,59.0,10.29
lebanon,75,US,1587023005,75,36.21,-86.29,45.0,3.36
broome,90,US,1587022714,92,42.25,-75.83,30.99,11.41
nalut,55,LY,1587022741,31,30.33,10.85,81.32,11.65
pacific grove,90,US,1587022697,87,36.62,-121.92,55.99,3.36
yuscaran,78,HN,1587023267,51,13.93,-86.85,65.03,1.66
te anau,100,NZ,1587022686,68,-45.42,167.72,46.42,6.24
sabzevar,0,IR,1587023268,22,36.21,57.68,65.34,1.97
pevek,100,RU,1587023268,96,69.7,170.31,11.17,2.48
mumbwa,1,ZM,1587023268,40,-14.98,27.06,80.51,8.19
yumen,70,CN,1587023269,13,40.28,97.2,67.21,32.06
coahuayana,43,MX,1587022678,46,18.73,-103.68,70.65,2.84
khatanga,0,RU,1587022693,92,71.97,102.5,10.42,9.66
hualmay,26,PE,1587022686,76,-11.1,-77.61,70.68,6.96
fuling,63,CN,1587023269,52,29.7,107.39,80.46,1.23
saint-junien,84,FR,1587023269,62,45.88,0.9,61.0,8.05
goderich,54,CA,1587023269,80,43.75,-81.72,32.0,9.44
pangnirtung,100,CA,1587023269,86,66.15,-65.71,14.29,7.87
otane,99,NZ,1587023270,72,-39.88,176.63,55.0,11.01
borodyanka,98,UA,1587023270,57,50.64,29.92,50.0,20.13
ust-kuyga,100,RU,1587022676,89,70.02,135.6,2.61,12.39
san juan,90,AR,1587023224,43,-31.54,-68.54,64.29,3.94
grindavik,75,IS,1587023270,93,63.84,-22.43,39.2,9.17
paramonga,36,PE,1587023270,76,-10.67,-77.83,71.49,9.51
khani,90,GE,1587023271,82,41.96,42.96,55.4,3.36
luau,96,AO,1587023271,58,-10.71,22.22,75.16,4.0
the valley,40,AI,1587023271,78,18.22,-63.06,79.0,5.82
vostochnyy,75,RU,1587023271,93,55.82,37.87,41.0,13.42
naze,75,JP,1587022692,56,28.37,129.48,69.8,11.41
grand gaube,75,MU,1587023271,65,-20.01,57.66,82.4,11.41
peniche,40,PT,1587023271,82,39.36,-9.38,57.99,13.87
khasan,61,RU,1587023271,73,42.43,130.64,45.32,10.69
cabo san lucas,81,MX,1587022414,81,22.89,-109.91,64.99,5.7
roma,90,US,1587022725,86,43.21,-75.46,30.99,6.93
taltal,59,CL,1587022689,74,-25.4,-70.48,58.33,2.42
kastamonu,20,TR,1587023272,52,41.5,33.67,41.0,3.36
salmo,82,CA,1587023272,84,49.2,-117.27,32.0,1.74
hofn,90,IS,1587022675,69,64.25,-15.21,35.6,8.05
arman,100,RU,1587022729,95,59.7,150.17,25.12,4.29
kichera,0,RU,1587023272,42,55.94,110.1,46.87,3.87
les escoumins,23,CA,1587023272,90,48.11,-69.02,20.98,8.19
saldanha,0,ZA,1587023273,93,-33.01,17.94,57.2,4.5
pinheiral,90,BR,1587023273,88,-22.51,-44.0,71.6,5.82
shingu,40,JP,1587022680,40,33.73,135.98,68.0,16.11
abu samrah,34,SY,1587023273,26,35.3,37.18,74.08,6.87
flin flon,0,CA,1587023115,92,54.77,-101.86,9.64,5.97
sao gabriel da cachoeira,100,BR,1587022681,96,-0.13,-67.09,73.11,2.68
chapais,1,CA,1587023273,66,49.78,-74.85,10.4,5.82
koutiala,25,ML,1587023273,33,12.39,-5.46,87.69,12.37
sterling,75,US,1587023274,52,39.01,-77.43,45.0,10.29
pringsewu,42,ID,1587023274,73,-5.36,104.97,84.83,3.49
atasu,0,KZ,1587023274,31,48.68,71.64,56.32,4.21
yulara,100,AU,1587022715,15,-25.24,130.99,95.0,11.41
leua,26,SK,1587023274,57,48.22,18.61,48.2,5.01
isilkul,99,RU,1587023274,36,54.91,71.27,60.71,15.19
auchi,73,NG,1587023275,60,7.07,6.27,88.72,4.76
varna,0,BG,1587023275,37,43.22,27.92,59.0,9.17
onguday,25,RU,1587023275,38,50.75,86.15,46.94,4.45
zyryanka,100,RU,1587023275,94,65.75,150.85,6.66,17.96
viedma,87,AR,1587023068,44,-40.81,-63.0,61.74,14.88
olyka,30,UA,1587023276,49,50.72,25.81,53.6,29.08
pouebo,6,NC,1587023276,82,-20.4,164.57,74.88,9.4
leon,7,MX,1587022998,18,21.12,-101.67,60.46,1.05
atherton,0,GB,1587023276,66,53.52,-2.49,57.99,9.17
faanui,92,PF,1587023276,70,-16.48,-151.75,83.25,7.65
santiago del estero,42,AR,1587023277,57,-27.8,-64.26,58.06,6.58
bloomington,1,US,1587023277,63,44.84,-93.3,28.99,8.05
sechura,89,PE,1587023277,75,-5.56,-80.82,72.9,10.04
wewak,30,PG,1587023277,80,-3.55,143.63,81.09,6.38
kuytun,87,RU,1587023278,52,54.34,101.5,53.78,12.82
umm lajj,0,SA,1587023278,25,25.02,37.27,85.26,8.72
touros,75,BR,1587022689,100,-5.2,-35.46,75.2,3.36
marawi,96,PH,1587023278,71,8.0,124.29,76.71,3.09
nome,90,US,1587023278,100,64.5,-165.41,34.0,4.7
itatskiy,37,RU,1587023278,70,56.07,89.04,43.99,18.23
kaeo,26,NZ,1587023279,89,-35.1,173.78,60.01,1.99
atar,30,MR,1587023279,16,20.52,-13.05,79.47,4.29
mao,75,ES,1587023188,93,39.89,4.27,60.8,4.7
moussoro,0,TD,1587022712,7,13.64,16.49,96.03,20.92
san antero,86,CO,1587023279,79,9.37,-75.76,78.57,3.87
kamenka,99,RU,1587023279,68,51.32,42.77,43.0,10.0
traverse city,90,US,1587023279,79,44.76,-85.62,32.0,3.36
windhoek,0,NA,1587023062,29,-22.56,17.08,66.2,5.82
olafsvik,100,IS,1587023280,89,64.89,-23.71,38.64,13.06
gimli,16,CA,1587023228,76,50.63,-96.99,21.99,9.28
paita,91,PE,1587023280,70,-5.09,-81.11,74.17,8.28
dubbo,40,AU,1587023280,47,-32.25,148.62,77.0,11.41
kaniama,96,CD,1587023280,61,-7.57,24.18,79.79,4.92
mkushi,49,ZM,1587023280,40,-13.62,29.39,79.25,8.5
saint anthony,1,US,1587023281,63,45.02,-93.22,28.4,9.17
lotofaga,100,WS,1587023281,79,-13.98,-171.86,84.0,4.0
pangai,100,TO,1587023281,81,-19.8,-174.35,79.5,11.83
krasnyy chikoy,22,RU,1587023281,29,50.36,108.75,54.18,7.52
kavaratti,20,IN,1587022686,63,10.57,72.64,91.4,4.7
tiksi,100,RU,1587023281,92,71.69,128.87,-0.67,8.97
hue,40,VN,1587023281,66,16.47,107.6,84.2,8.05
straumen,75,NO,1587023282,81,63.87,11.3,35.6,21.92
alzey,18,DE,1587023282,46,49.75,8.12,61.0,4.7
vestmannaeyjar,90,IS,1587022694,80,63.44,-20.27,39.2,2.24
cortes,99,ES,1587023282,82,41.94,-1.44,55.4,11.41
namibe,37,AO,1587022608,57,-15.2,12.15,80.13,3.29
hermon,1,US,1587023282,54,44.81,-68.91,34.0,3.36
miri,75,MY,1587023282,75,4.41,114.01,89.6,9.17
sorland,40,NO,1587023282,74,67.67,12.69,35.6,8.05
ambon,40,ID,1587023282,70,-3.7,128.18,87.8,6.93
cuamba,35,MZ,1587023283,45,-14.8,36.54,87.26,3.22
narsaq,90,GL,1587023283,86,60.92,-46.05,33.8,2.24
luwingu,65,ZM,1587023283,46,-10.26,29.93,76.73,7.23
saravan,75,AM,1587023283,29,39.72,45.65,66.2,4.7
ranot,90,TH,1587023284,65,7.78,100.32,86.58,10.94
kenora,20,CA,1587023284,44,49.82,-94.43,23.0,8.05
saint-philippe,0,RE,1587023284,65,-21.36,55.77,84.2,27.51
san esteban,30,HN,1587023284,73,15.2,-85.75,67.3,2.57
labuan,75,MY,1587023115,70,5.28,115.24,89.6,5.82
wufeng,49,CN,1587023285,41,27.45,104.83,66.97,7.99
mbaiki,100,CF,1587023285,30,3.87,17.99,98.44,2.13
loukhi,100,RU,1587023285,98,66.08,33.04,31.06,13.87
jiaozuo,61,CN,1587023285,16,35.24,113.23,77.29,16.53
puerto baquerizo moreno,56,EC,1587023285,84,-0.9,-89.6,78.17,10.85
beloha,0,MG,1587023285,35,-25.17,45.05,90.54,2.48
hambantota,75,LK,1587023286,70,6.12,81.12,89.6,8.05
frohnleiten,50,AT,1587023286,57,47.27,15.32,55.99,2.24
lulea,90,SE,1587023286,94,65.58,22.15,32.0,11.41
pawai,17,IN,1587023286,7,24.27,80.17,107.35,14.2
vostok,4,RU,1587023286,42,46.49,135.88,43.63,3.62
coos bay,90,US,1587022613,100,43.37,-124.22,48.2,4.7
vardo,100,NO,1587023287,83,70.37,31.11,32.0,5.82
krasnyy kholm,74,RU,1587023287,62,58.06,37.12,40.59,10.63
leeston,100,NZ,1587023287,76,-43.77,172.3,54.0,9.17
hazorasp,0,UZ,1587022695,24,41.32,61.07,68.0,16.11
guerrero negro,35,MX,1587022697,66,27.98,-114.06,62.8,9.62
adrar,90,MR,1587022708,34,20.5,-10.07,84.4,11.61
nemuro,40,JP,1587023287,51,43.32,145.57,37.4,13.87
stuttgart,46,DE,1587023209,57,48.78,9.18,59.0,3.36
leeuwarden,90,NL,1587023288,81,53.2,5.81,54.0,9.17
guarapari,100,BR,1587023288,83,-20.67,-40.5,77.0,5.68
wagga wagga,90,AU,1587023288,56,-35.12,147.37,73.4,6.93
keshorai patan,11,IN,1587023288,9,25.3,75.93,107.67,10.83
henties bay,0,NA,1587022742,90,-22.12,14.28,57.0,3.0
manzanillo,50,CU,1587023288,82,20.34,-77.12,76.28,0.96
rodino,14,RU,1587023288,37,52.5,80.25,59.58,15.26
sungai petani,20,MY,1587023289,56,5.65,100.49,93.2,5.82
coquimbo,98,CL,1587023130,82,-29.95,-71.34,55.4,5.82
fortuna,90,US,1587023289,100,40.6,-124.16,51.01,5.82
rehoboth,0,NA,1587023289,12,-23.32,17.08,72.7,6.58
balkhash,33,KZ,1587023289,26,46.84,74.98,59.0,8.95
pimentel,57,PE,1587023289,82,-6.84,-79.93,70.48,12.53
basco,76,PH,1587023289,83,20.45,121.97,74.57,19.22
tsogni,100,GA,1587023289,87,-2.79,10.1,79.21,8.48
cockburn town,33,TC,1587022700,81,21.46,-71.14,78.35,15.19
poum,1,NC,1587022610,80,-20.23,164.02,79.02,14.16
bay roberts,90,CA,1587023290,100,47.6,-53.26,35.01,13.87
bryan,90,US,1587023290,81,30.67,-96.37,53.6,6.44
balaipungut,75,ID,1587023290,94,1.05,101.28,78.8,17.22
tual,89,ID,1587023290,74,-5.67,132.75,83.95,6.49
bagdarin,2,RU,1587023290,30,54.43,113.6,50.05,7.0
polonnaruwa,77,LK,1587023291,45,7.93,81.0,92.43,8.28
upata,78,VE,1587023291,87,8.01,-62.4,67.05,2.68
gilgit,100,PK,1587023291,21,35.92,74.31,62.44,3.98
aripuana,97,BR,1587023291,95,-9.17,-60.63,71.62,2.46
masuguru,95,TZ,1587023291,72,-11.37,38.42,82.31,3.06
mahanoro,4,MG,1587023291,76,-19.9,48.8,79.2,7.7
champerico,16,GT,1587023291,74,14.3,-91.92,81.7,3.06
birjand,40,IR,1587023144,36,32.87,59.22,64.4,3.36
port elizabeth,93,ZA,1587023292,77,-33.92,25.57,64.4,14.99
deputatskiy,100,RU,1587023292,87,69.3,139.9,-1.35,5.73
teya,96,RU,1587022704,68,60.38,92.63,42.69,7.02
nyurba,100,RU,1587023292,86,63.28,118.33,22.68,8.68
koslan,100,RU,1587023292,91,63.46,48.9,36.3,13.29
saint-pierre,1,RE,1587023292,65,-21.34,55.48,84.2,27.51
ibra,100,OM,1587023292,18,22.69,58.53,89.82,16.22
kudahuvadhoo,39,MV,1587023292,65,2.67,72.89,85.96,5.48
mnogovershinnyy,0,RU,1587023292,76,53.94,139.92,33.1,3.85
tommot,100,RU,1587023293,93,58.96,126.29,27.01,5.46
waipawa,100,NZ,1587023293,82,-41.41,175.52,60.01,10.29
saint-leu,0,RE,1587023293,65,-21.15,55.28,84.2,27.51
ardatov,100,RU,1587023293,87,55.24,43.1,37.18,13.73
pakokku,0,MM,1587023293,12,21.33,95.1,106.54,10.42
ankang,97,CN,1587023293,30,32.68,109.02,74.59,4.29
ucluelet,88,CA,1587023293,91,48.93,-125.55,48.0,2.62
gbarnga,0,LR,1587023293,72,7.0,-9.47,81.91,2.21
balayong,20,PH,1587023294,66,9.47,123.06,87.8,9.17
zhigansk,72,RU,1587023294,89,66.77,123.37,10.13,20.13
xiamen,0,CN,1587023027,50,24.48,118.08,78.8,8.95
ishigaki,83,JP,1587023294,50,24.34,124.16,75.2,10.29
cabinda,100,AO,1587023294,86,-5.55,12.2,80.51,4.99
shimoda,40,JP,1587023294,59,34.67,138.95,60.8,12.75
pinyug,100,RU,1587023294,68,60.25,47.78,39.15,18.54
akureyri,86,IS,1587023295,64,65.68,-18.09,35.6,20.8
yerbogachen,100,RU,1587023295,80,61.28,108.01,33.62,10.33
komarikhinskiy,75,RU,1587023295,60,58.1,57.12,42.8,15.66
cherskiy,100,RU,1587023295,94,68.75,161.3,8.35,3.69
port macquarie,82,AU,1587022711,57,-31.43,152.92,77.0,6.58
north bend,90,US,1587023295,100,43.41,-124.22,48.2,4.7
tessalit,46,ML,1587023295,16,20.2,1.01,91.63,14.05
eyemouth,82,GB,1587023295,93,55.87,-2.09,46.99,5.82
machali,100,CL,1587023295,26,-34.18,-70.67,60.91,0.63
gujar khan,75,PK,1587023051,39,33.26,73.3,82.4,11.41
albion,40,US,1587023296,73,42.24,-84.75,27.0,5.99
alenquer,40,BR,1587023296,100,-1.94,-54.74,73.4,3.36
mlonggo,20,ID,1587023296,66,-6.53,110.7,87.8,9.17
davidson,1,US,1587023296,60,36.15,-86.78,44.01,6.93
padang,96,ID,1587023296,73,-0.95,100.35,84.06,4.03
ostrovnoy,100,RU,1587023296,91,68.05,39.51,33.75,17.11
adre,0,TD,1587023296,7,13.47,22.2,89.82,17.94
marang,20,MY,1587023296,70,5.21,103.21,89.6,6.93
sampang,37,ID,1587023135,71,-7.19,113.24,85.91,4.9
mahajanga,0,MG,1587023297,46,-15.72,46.32,91.4,13.87
isangel,88,VU,1587023297,83,-19.55,169.27,77.94,14.41
macenta,0,GN,1587023297,51,8.54,-9.47,80.46,4.9
fort frances,1,CA,1587023297,62,48.6,-93.4,21.2,8.05
umuahia,38,NG,1587023297,65,5.53,7.49,87.46,4.12
paso de carrasco,75,UY,1587023297,82,-34.86,-56.05,61.0,12.75
khandyga,14,RU,1587023297,84,62.67,135.6,9.82,9.24
berlevag,100,NO,1587023297,68,70.86,29.09,32.0,4.7
mashhad,0,IR,1587023298,51,36.3,59.61,62.6,4.7
west bay,91,KY,1587023298,78,19.37,-81.42,80.01,1.01
coro,21,VE,1587023298,83,11.4,-69.67,76.26,11.68
siddipet,48,IN,1587023298,12,18.1,78.85,101.3,0.69
challapata,18,BO,1587023298,24,-18.9,-66.77,39.49,4.65
nikolayevsk-na-amure,0,RU,1587023298,76,53.14,140.73,37.83,2.42
bodden town,69,KY,1587023298,76,19.28,-81.25,80.01,3.0
bongandanga,98,CD,1587023299,42,1.5,21.05,93.69,2.84
lamu,98,KE,1587023299,73,-2.27,40.9,85.69,11.81
martapura,40,ID,1587023299,55,-3.42,114.85,91.4,6.93
alugan,83,PH,1587023299,72,12.22,125.48,83.68,10.33
mobaye,26,CF,1587023299,37,4.32,21.18,97.23,1.83
novonikolayevskiy,99,RU,1587023299,63,50.97,42.36,43.0,18.72
shiliguri,52,IN,1587023299,25,26.7,88.43,94.71,6.38
telimele,93,GN,1587023299,66,10.92,-13.33,78.17,1.63
alihe,85,CN,1587023300,25,50.57,123.72,59.61,1.79
praia,20,CV,1587022693,73,14.92,-23.51,69.8,12.75
lucea,20,JM,1587023300,88,18.45,-78.17,78.01,3.36
aksu,87,CN,1587023300,17,41.12,80.26,74.19,12.33
vanavara,51,RU,1587023300,74,60.34,102.28,47.46,9.06
mecca,0,SA,1587022724,10,21.43,39.83,91.45,8.61
port lincoln,39,AU,1587023300,62,-34.73,135.87,60.48,13.73
cap malheureux,75,MU,1587022704,65,-19.98,57.61,82.4,11.41
high level,1,CA,1587023291,86,58.52,-117.14,26.6,4.76
port hawkesbury,90,CA,1587023301,93,45.62,-61.35,36.0,11.41
kodinsk,82,RU,1587023301,56,58.69,99.18,56.05,8.52
iquique,0,CL,1587023301,77,-20.22,-70.14,64.4,12.75
saraland,1,US,1587023301,54,30.82,-88.07,54.0,8.05
ipixuna,40,BR,1587023302,100,-1.76,-48.8,75.2,3.36
bubaque,49,GW,1587023303,58,11.28,-15.83,80.19,8.25
krasnaya zarya,100,RU,1587023303,60,52.78,37.68,43.66,19.84
ormara,100,PK,1587023303,49,25.21,64.64,86.95,14.14
lashio,53,MM,1587023303,12,22.93,97.75,95.16,7.4
castrillon,100,ES,1587023303,81,43.4,-6.79,51.8,1.12
mvomero,47,TZ,1587023303,74,-6.25,38.67,84.9,10.49
cubuk,75,TR,1587023263,57,40.24,33.03,51.8,16.11
mount gambier,75,AU,1587023303,58,-37.83,140.77,59.0,17.22
plettenberg bay,4,ZA,1587023303,49,-34.05,23.37,67.33,5.77
dawei,72,MM,1587023304,54,14.08,98.2,90.09,9.19
fougamou,100,GA,1587023304,74,-1.22,10.58,85.5,2.33
cururupu,100,BR,1587022716,94,-1.83,-44.87,74.19,4.34
edd,19,ER,1587023304,48,13.93,41.69,87.46,9.33
cornwall,1,CA,1587023304,85,45.02,-74.73,28.0,4.7
carmo do paranaiba,100,BR,1587023305,100,-19.0,-46.32,66.0,2.82
ocean city,1,US,1587023305,48,39.28,-74.57,48.0,10.29
mpulungu,32,ZM,1587023305,47,-8.76,31.11,82.6,1.7
dinard,32,FR,1587023305,72,48.63,-2.06,61.0,9.17
stokmarknes,75,NO,1587022742,86,68.56,14.91,36.0,5.82
mehamn,100,NO,1587022713,88,71.04,27.85,32.0,9.17
najran,40,SA,1587023305,53,17.49,44.13,75.2,5.82
lipin bor,100,RU,1587023305,70,60.26,37.98,38.19,15.35
ugoofaaru,75,MV,1587023305,65,5.67,73.0,86.32,8.21
plouzane,45,FR,1587023305,76,48.38,-4.62,57.2,13.87
waddan,100,LY,1587023306,38,29.16,16.14,75.29,10.98
dongfeng,100,CN,1587023306,24,42.64,125.51,66.61,8.93
fossano,100,IT,1587023306,87,44.55,7.72,62.01,1.12
fukue,40,JP,1587023306,45,32.69,128.84,66.2,6.93
flinders,85,AU,1587022726,37,-34.58,150.86,82.99,5.82
folkestone,62,GB,1587023306,93,51.08,1.18,54.0,4.7
kismayo,100,SO,1587023306,67,-0.36,42.55,87.15,6.15
palafrugell,90,ES,1587023307,93,41.92,3.16,59.0,4.7
havre-saint-pierre,1,CA,1587023307,86,50.23,-63.6,26.6,8.05
beckley,90,US,1587023307,80,37.78,-81.19,37.4,13.87
mogadishu,40,SO,1587023307,59,2.04,45.34,89.6,10.29
birin,58,NP,1587023307,37,26.89,88.07,69.26,4.74
yaan,44,NG,1587023308,56,7.38,8.57,89.58,7.94
vao,12,NC,1587022740,77,-22.67,167.48,74.48,15.19
san benito,88,GT,1587023308,86,16.91,-89.91,71.31,1.77
clyde river,90,CA,1587022431,92,70.47,-68.59,5.0,17.22
bathsheba,40,BB,1587023308,74,13.22,-59.52,78.8,14.99
waren,20,DE,1587023308,81,53.52,12.68,53.01,16.11
trinidad,96,BO,1587023308,66,-14.83,-64.9,65.46,3.22
porto murtinho,0,BR,1587023308,59,-21.7,-57.88,53.51,3.98
chico,1,US,1587023308,42,39.73,-121.84,66.2,4.99
calvinia,0,ZA,1587023309,54,-31.47,19.78,59.0,2.24
udachnyy,100,RU,1587023309,61,66.42,112.4,15.8,8.95
victoria point,20,AU,1587023009,69,-27.58,153.3,79.0,14.99
la ronge,5,CA,1587023309,78,55.1,-105.28,8.6,4.7
marienburg,75,PL,1587023310,81,54.04,19.03,48.0,20.8
voi,34,KE,1587023310,47,-3.39,38.56,85.91,7.87
cotonou,30,BJ,1587023310,64,6.37,2.42,88.74,8.55
riyadh,12,SA,1587023131,57,24.69,46.72,75.2,2.24
sawtell,34,AU,1587023310,73,-30.38,153.1,78.8,14.99
coihaique,20,CL,1587023310,100,-45.58,-72.07,51.8,4.7
broken hill,75,AU,1587023310,26,-31.95,141.43,80.6,16.11
pansoy,47,PH,1587023311,68,13.18,122.6,82.54,5.59
